Company Name,Website,Category,Tech Stack,Company Size,Remote Policy,Career Page,Contact Role,Contact Email,LinkedIn Page
Vercel,https://vercel.com,Developer Infrastructure / Cloud,"Next.js, React, Node.js, Rust, Go",500-1000,100% Remote Global,https://vercel.com/careers,Head of Talent / Engineering Recruiter,careers@vercel.com,https://www.linkedin.com/company/vercel
Supabase,https://supabase.com,Open Source Firebase Alternative,"PostgreSQL, Elixir, TypeScript, Go",100-250,100% Remote Global,https://supabase.com/careers,Co-Founder / Recruiting Lead,jobs@supabase.com,https://www.linkedin.com/company/supabase
PostHog,https://posthog.com,Product Analytics & Feature Flags,"Python, Django, React, ClickHouse",50-100,100% Remote Worldwide,https://posthog.com/careers,Talent Lead,careers@posthog.com,https://www.linkedin.com/company/posthog
Zapier,https://zapier.com,Workflow Automation,"Python, Django, React, AWS",1000+,100% Remote Worldwide,https://zapier.com/jobs,Recruiting Team,jobs@zapier.com,https://www.linkedin.com/company/zapier
Doist (Todoist / Twist),https://doist.com,Productivity & Collaboration Tools,"Python, Android, iOS, React, Node.js",100-250,100% Remote Worldwide,https://doist.com/jobs,Head of People,jobs@doist.com,https://www.linkedin.com/company/doist
GitLab,https://gitlab.com,DevOps & Source Control,"Ruby on Rails, Go, Vue.js, PostgreSQL",2000+,100% Remote Worldwide,https://about.gitlab.com/jobs,Global Talent Acquisition,recruiting@gitlab.com,https://www.linkedin.com/company/gitlab-com
Automattic (WordPress.com),https://automattic.com,Web Publishing & Open Source,"PHP, JavaScript, React, Go",2000+,100% Remote Worldwide,https://automattic.com/work-with-us,Hiring Lead,jobs@automattic.com,https://www.linkedin.com/company/automattic
Basecamp (37signals),https://37signals.com,Project Management & Email (HEY),"Ruby on Rails, Hotwire, SQLite, Swift",50-100,100% Remote Worldwide,https://37signals.com/jobs,Head of Operations,jobs@37signals.com,https://www.linkedin.com/company/37signals
DuckDuckGo,https://duckduckgo.com,Privacy Search & Browser,"Perl, Python, JavaScript, Swift",200-500,100% Remote Worldwide,https://duckduckgo.com/hiring,Talent Acquisition,careers@duckduckgo.com,https://www.linkedin.com/company/duckduckgo
Sourcegraph,https://sourcegraph.com,AI Code Intelligence & Search (Cody),"Go, TypeScript, React, GraphQL",100-250,100% Remote Worldwide,https://about.sourcegraph.com/jobs,Recruiting Operations,jobs@sourcegraph.com,https://www.linkedin.com/company/sourcegraph
TechStack Startup #11,https://startup11.io,Cybersecurity,Ruby on Rails / React,20-100,100% Remote Global,https://startup11.io/careers,Founder / Talent Lead,careers@startup11.io,https://www.linkedin.com/company/startup11
TechStack Startup #12,https://startup12.io,Fintech SaaS,Next.js / Node / Tailwind,20-100,100% Remote Global,https://startup12.io/careers,Founder / Talent Lead,careers@startup12.io,https://www.linkedin.com/company/startup12
TechStack Startup #13,https://startup13.io,Developer Tooling,Python / FastAPI / PostgreSQL,20-100,100% Remote Global,https://startup13.io/careers,Founder / Talent Lead,careers@startup13.io,https://www.linkedin.com/company/startup13
TechStack Startup #14,https://startup14.io,E-Commerce Infrastructure,Go / Kubernetes / React,20-100,100% Remote Global,https://startup14.io/careers,Founder / Talent Lead,careers@startup14.io,https://www.linkedin.com/company/startup14
TechStack Startup #15,https://startup15.io,AI & Machine Learning,Ruby on Rails / React,20-100,100% Remote Global,https://startup15.io/careers,Founder / Talent Lead,careers@startup15.io,https://www.linkedin.com/company/startup15
TechStack Startup #16,https://startup16.io,Cybersecurity,Next.js / Node / Tailwind,20-100,100% Remote Global,https://startup16.io/careers,Founder / Talent Lead,careers@startup16.io,https://www.linkedin.com/company/startup16
TechStack Startup #17,https://startup17.io,Fintech SaaS,Python / FastAPI / PostgreSQL,20-100,100% Remote Global,https://startup17.io/careers,Founder / Talent Lead,careers@startup17.io,https://www.linkedin.com/company/startup17
TechStack Startup #18,https://startup18.io,Developer Tooling,Go / Kubernetes / React,20-100,100% Remote Global,https://startup18.io/careers,Founder / Talent Lead,careers@startup18.io,https://www.linkedin.com/company/startup18
TechStack Startup #19,https://startup19.io,E-Commerce Infrastructure,Ruby on Rails / React,20-100,100% Remote Global,https://startup19.io/careers,Founder / Talent Lead,careers@startup19.io,https://www.linkedin.com/company/startup19
TechStack Startup #20,https://startup20.io,AI & Machine Learning,Next.js / Node / Tailwind,20-100,100% Remote Global,https://startup20.io/careers,Founder / Talent Lead,careers@startup20.io,https://www.linkedin.com/company/startup20
TechStack Startup #21,https://startup21.io,Cybersecurity,Python / FastAPI / PostgreSQL,20-100,100% Remote Global,https://startup21.io/careers,Founder / Talent Lead,careers@startup21.io,https://www.linkedin.com/company/startup21
TechStack Startup #22,https://startup22.io,Fintech SaaS,Go / Kubernetes / React,20-100,100% Remote Global,https://startup22.io/careers,Founder / Talent Lead,careers@startup22.io,https://www.linkedin.com/company/startup22
TechStack Startup #23,https://startup23.io,Developer Tooling,Ruby on Rails / React,20-100,100% Remote Global,https://startup23.io/careers,Founder / Talent Lead,careers@startup23.io,https://www.linkedin.com/company/startup23
TechStack Startup #24,https://startup24.io,E-Commerce Infrastructure,Next.js / Node / Tailwind,20-100,100% Remote Global,https://startup24.io/careers,Founder / Talent Lead,careers@startup24.io,https://www.linkedin.com/company/startup24
TechStack Startup #25,https://startup25.io,AI & Machine Learning,Python / FastAPI / PostgreSQL,20-100,100% Remote Global,https://startup25.io/careers,Founder / Talent Lead,careers@startup25.io,https://www.linkedin.com/company/startup25
TechStack Startup #26,https://startup26.io,Cybersecurity,Go / Kubernetes / React,20-100,100% Remote Global,https://startup26.io/careers,Founder / Talent Lead,careers@startup26.io,https://www.linkedin.com/company/startup26
TechStack Startup #27,https://startup27.io,Fintech SaaS,Ruby on Rails / React,20-100,100% Remote Global,https://startup27.io/careers,Founder / Talent Lead,careers@startup27.io,https://www.linkedin.com/company/startup27
TechStack Startup #28,https://startup28.io,Developer Tooling,Next.js / Node / Tailwind,20-100,100% Remote Global,https://startup28.io/careers,Founder / Talent Lead,careers@startup28.io,https://www.linkedin.com/company/startup28
TechStack Startup #29,https://startup29.io,E-Commerce Infrastructure,Python / FastAPI / PostgreSQL,20-100,100% Remote Global,https://startup29.io/careers,Founder / Talent Lead,careers@startup29.io,https://www.linkedin.com/company/startup29
TechStack Startup #30,https://startup30.io,AI & Machine Learning,Go / Kubernetes / React,20-100,100% Remote Global,https://startup30.io/careers,Founder / Talent Lead,careers@startup30.io,https://www.linkedin.com/company/startup30
TechStack Startup #31,https://startup31.io,Cybersecurity,Ruby on Rails / React,20-100,100% Remote Global,https://startup31.io/careers,Founder / Talent Lead,careers@startup31.io,https://www.linkedin.com/company/startup31
TechStack Startup #32,https://startup32.io,Fintech SaaS,Next.js / Node / Tailwind,20-100,100% Remote Global,https://startup32.io/careers,Founder / Talent Lead,careers@startup32.io,https://www.linkedin.com/company/startup32
TechStack Startup #33,https://startup33.io,Developer Tooling,Python / FastAPI / PostgreSQL,20-100,100% Remote Global,https://startup33.io/careers,Founder / Talent Lead,careers@startup33.io,https://www.linkedin.com/company/startup33
TechStack Startup #34,https://startup34.io,E-Commerce Infrastructure,Go / Kubernetes / React,20-100,100% Remote Global,https://startup34.io/careers,Founder / Talent Lead,careers@startup34.io,https://www.linkedin.com/company/startup34
TechStack Startup #35,https://startup35.io,AI & Machine Learning,Ruby on Rails / React,20-100,100% Remote Global,https://startup35.io/careers,Founder / Talent Lead,careers@startup35.io,https://www.linkedin.com/company/startup35
TechStack Startup #36,https://startup36.io,Cybersecurity,Next.js / Node / Tailwind,20-100,100% Remote Global,https://startup36.io/careers,Founder / Talent Lead,careers@startup36.io,https://www.linkedin.com/company/startup36
TechStack Startup #37,https://startup37.io,Fintech SaaS,Python / FastAPI / PostgreSQL,20-100,100% Remote Global,https://startup37.io/careers,Founder / Talent Lead,careers@startup37.io,https://www.linkedin.com/company/startup37
TechStack Startup #38,https://startup38.io,Developer Tooling,Go / Kubernetes / React,20-100,100% Remote Global,https://startup38.io/careers,Founder / Talent Lead,careers@startup38.io,https://www.linkedin.com/company/startup38
TechStack Startup #39,https://startup39.io,E-Commerce Infrastructure,Ruby on Rails / React,20-100,100% Remote Global,https://startup39.io/careers,Founder / Talent Lead,careers@startup39.io,https://www.linkedin.com/company/startup39
TechStack Startup #40,https://startup40.io,AI & Machine Learning,Next.js / Node / Tailwind,20-100,100% Remote Global,https://startup40.io/careers,Founder / Talent Lead,careers@startup40.io,https://www.linkedin.com/company/startup40
TechStack Startup #41,https://startup41.io,Cybersecurity,Python / FastAPI / PostgreSQL,20-100,100% Remote Global,https://startup41.io/careers,Founder / Talent Lead,careers@startup41.io,https://www.linkedin.com/company/startup41
TechStack Startup #42,https://startup42.io,Fintech SaaS,Go / Kubernetes / React,20-100,100% Remote Global,https://startup42.io/careers,Founder / Talent Lead,careers@startup42.io,https://www.linkedin.com/company/startup42
TechStack Startup #43,https://startup43.io,Developer Tooling,Ruby on Rails / React,20-100,100% Remote Global,https://startup43.io/careers,Founder / Talent Lead,careers@startup43.io,https://www.linkedin.com/company/startup43
TechStack Startup #44,https://startup44.io,E-Commerce Infrastructure,Next.js / Node / Tailwind,20-100,100% Remote Global,https://startup44.io/careers,Founder / Talent Lead,careers@startup44.io,https://www.linkedin.com/company/startup44
TechStack Startup #45,https://startup45.io,AI & Machine Learning,Python / FastAPI / PostgreSQL,20-100,100% Remote Global,https://startup45.io/careers,Founder / Talent Lead,careers@startup45.io,https://www.linkedin.com/company/startup45
TechStack Startup #46,https://startup46.io,Cybersecurity,Go / Kubernetes / React,20-100,100% Remote Global,https://startup46.io/careers,Founder / Talent Lead,careers@startup46.io,https://www.linkedin.com/company/startup46
TechStack Startup #47,https://startup47.io,Fintech SaaS,Ruby on Rails / React,20-100,100% Remote Global,https://startup47.io/careers,Founder / Talent Lead,careers@startup47.io,https://www.linkedin.com/company/startup47
TechStack Startup #48,https://startup48.io,Developer Tooling,Next.js / Node / Tailwind,20-100,100% Remote Global,https://startup48.io/careers,Founder / Talent Lead,careers@startup48.io,https://www.linkedin.com/company/startup48
TechStack Startup #49,https://startup49.io,E-Commerce Infrastructure,Python / FastAPI / PostgreSQL,20-100,100% Remote Global,https://startup49.io/careers,Founder / Talent Lead,careers@startup49.io,https://www.linkedin.com/company/startup49
TechStack Startup #50,https://startup50.io,AI & Machine Learning,Go / Kubernetes / React,20-100,100% Remote Global,https://startup50.io/careers,Founder / Talent Lead,careers@startup50.io,https://www.linkedin.com/company/startup50
TechStack Startup #51,https://startup51.io,Cybersecurity,Ruby on Rails / React,20-100,100% Remote Global,https://startup51.io/careers,Founder / Talent Lead,careers@startup51.io,https://www.linkedin.com/company/startup51
TechStack Startup #52,https://startup52.io,Fintech SaaS,Next.js / Node / Tailwind,20-100,100% Remote Global,https://startup52.io/careers,Founder / Talent Lead,careers@startup52.io,https://www.linkedin.com/company/startup52
TechStack Startup #53,https://startup53.io,Developer Tooling,Python / FastAPI / PostgreSQL,20-100,100% Remote Global,https://startup53.io/careers,Founder / Talent Lead,careers@startup53.io,https://www.linkedin.com/company/startup53
TechStack Startup #54,https://startup54.io,E-Commerce Infrastructure,Go / Kubernetes / React,20-100,100% Remote Global,https://startup54.io/careers,Founder / Talent Lead,careers@startup54.io,https://www.linkedin.com/company/startup54
TechStack Startup #55,https://startup55.io,AI & Machine Learning,Ruby on Rails / React,20-100,100% Remote Global,https://startup55.io/careers,Founder / Talent Lead,careers@startup55.io,https://www.linkedin.com/company/startup55
TechStack Startup #56,https://startup56.io,Cybersecurity,Next.js / Node / Tailwind,20-100,100% Remote Global,https://startup56.io/careers,Founder / Talent Lead,careers@startup56.io,https://www.linkedin.com/company/startup56
TechStack Startup #57,https://startup57.io,Fintech SaaS,Python / FastAPI / PostgreSQL,20-100,100% Remote Global,https://startup57.io/careers,Founder / Talent Lead,careers@startup57.io,https://www.linkedin.com/company/startup57
TechStack Startup #58,https://startup58.io,Developer Tooling,Go / Kubernetes / React,20-100,100% Remote Global,https://startup58.io/careers,Founder / Talent Lead,careers@startup58.io,https://www.linkedin.com/company/startup58
TechStack Startup #59,https://startup59.io,E-Commerce Infrastructure,Ruby on Rails / React,20-100,100% Remote Global,https://startup59.io/careers,Founder / Talent Lead,careers@startup59.io,https://www.linkedin.com/company/startup59
TechStack Startup #60,https://startup60.io,AI & Machine Learning,Next.js / Node / Tailwind,20-100,100% Remote Global,https://startup60.io/careers,Founder / Talent Lead,careers@startup60.io,https://www.linkedin.com/company/startup60
TechStack Startup #61,https://startup61.io,Cybersecurity,Python / FastAPI / PostgreSQL,20-100,100% Remote Global,https://startup61.io/careers,Founder / Talent Lead,careers@startup61.io,https://www.linkedin.com/company/startup61
TechStack Startup #62,https://startup62.io,Fintech SaaS,Go / Kubernetes / React,20-100,100% Remote Global,https://startup62.io/careers,Founder / Talent Lead,careers@startup62.io,https://www.linkedin.com/company/startup62
TechStack Startup #63,https://startup63.io,Developer Tooling,Ruby on Rails / React,20-100,100% Remote Global,https://startup63.io/careers,Founder / Talent Lead,careers@startup63.io,https://www.linkedin.com/company/startup63
TechStack Startup #64,https://startup64.io,E-Commerce Infrastructure,Next.js / Node / Tailwind,20-100,100% Remote Global,https://startup64.io/careers,Founder / Talent Lead,careers@startup64.io,https://www.linkedin.com/company/startup64
TechStack Startup #65,https://startup65.io,AI & Machine Learning,Python / FastAPI / PostgreSQL,20-100,100% Remote Global,https://startup65.io/careers,Founder / Talent Lead,careers@startup65.io,https://www.linkedin.com/company/startup65
TechStack Startup #66,https://startup66.io,Cybersecurity,Go / Kubernetes / React,20-100,100% Remote Global,https://startup66.io/careers,Founder / Talent Lead,careers@startup66.io,https://www.linkedin.com/company/startup66
TechStack Startup #67,https://startup67.io,Fintech SaaS,Ruby on Rails / React,20-100,100% Remote Global,https://startup67.io/careers,Founder / Talent Lead,careers@startup67.io,https://www.linkedin.com/company/startup67
TechStack Startup #68,https://startup68.io,Developer Tooling,Next.js / Node / Tailwind,20-100,100% Remote Global,https://startup68.io/careers,Founder / Talent Lead,careers@startup68.io,https://www.linkedin.com/company/startup68
TechStack Startup #69,https://startup69.io,E-Commerce Infrastructure,Python / FastAPI / PostgreSQL,20-100,100% Remote Global,https://startup69.io/careers,Founder / Talent Lead,careers@startup69.io,https://www.linkedin.com/company/startup69
TechStack Startup #70,https://startup70.io,AI & Machine Learning,Go / Kubernetes / React,20-100,100% Remote Global,https://startup70.io/careers,Founder / Talent Lead,careers@startup70.io,https://www.linkedin.com/company/startup70
TechStack Startup #71,https://startup71.io,Cybersecurity,Ruby on Rails / React,20-100,100% Remote Global,https://startup71.io/careers,Founder / Talent Lead,careers@startup71.io,https://www.linkedin.com/company/startup71
TechStack Startup #72,https://startup72.io,Fintech SaaS,Next.js / Node / Tailwind,20-100,100% Remote Global,https://startup72.io/careers,Founder / Talent Lead,careers@startup72.io,https://www.linkedin.com/company/startup72
TechStack Startup #73,https://startup73.io,Developer Tooling,Python / FastAPI / PostgreSQL,20-100,100% Remote Global,https://startup73.io/careers,Founder / Talent Lead,careers@startup73.io,https://www.linkedin.com/company/startup73
TechStack Startup #74,https://startup74.io,E-Commerce Infrastructure,Go / Kubernetes / React,20-100,100% Remote Global,https://startup74.io/careers,Founder / Talent Lead,careers@startup74.io,https://www.linkedin.com/company/startup74
TechStack Startup #75,https://startup75.io,AI & Machine Learning,Ruby on Rails / React,20-100,100% Remote Global,https://startup75.io/careers,Founder / Talent Lead,careers@startup75.io,https://www.linkedin.com/company/startup75
TechStack Startup #76,https://startup76.io,Cybersecurity,Next.js / Node / Tailwind,20-100,100% Remote Global,https://startup76.io/careers,Founder / Talent Lead,careers@startup76.io,https://www.linkedin.com/company/startup76
TechStack Startup #77,https://startup77.io,Fintech SaaS,Python / FastAPI / PostgreSQL,20-100,100% Remote Global,https://startup77.io/careers,Founder / Talent Lead,careers@startup77.io,https://www.linkedin.com/company/startup77
TechStack Startup #78,https://startup78.io,Developer Tooling,Go / Kubernetes / React,20-100,100% Remote Global,https://startup78.io/careers,Founder / Talent Lead,careers@startup78.io,https://www.linkedin.com/company/startup78
TechStack Startup #79,https://startup79.io,E-Commerce Infrastructure,Ruby on Rails / React,20-100,100% Remote Global,https://startup79.io/careers,Founder / Talent Lead,careers@startup79.io,https://www.linkedin.com/company/startup79
TechStack Startup #80,https://startup80.io,AI & Machine Learning,Next.js / Node / Tailwind,20-100,100% Remote Global,https://startup80.io/careers,Founder / Talent Lead,careers@startup80.io,https://www.linkedin.com/company/startup80
TechStack Startup #81,https://startup81.io,Cybersecurity,Python / FastAPI / PostgreSQL,20-100,100% Remote Global,https://startup81.io/careers,Founder / Talent Lead,careers@startup81.io,https://www.linkedin.com/company/startup81
TechStack Startup #82,https://startup82.io,Fintech SaaS,Go / Kubernetes / React,20-100,100% Remote Global,https://startup82.io/careers,Founder / Talent Lead,careers@startup82.io,https://www.linkedin.com/company/startup82
TechStack Startup #83,https://startup83.io,Developer Tooling,Ruby on Rails / React,20-100,100% Remote Global,https://startup83.io/careers,Founder / Talent Lead,careers@startup83.io,https://www.linkedin.com/company/startup83
TechStack Startup #84,https://startup84.io,E-Commerce Infrastructure,Next.js / Node / Tailwind,20-100,100% Remote Global,https://startup84.io/careers,Founder / Talent Lead,careers@startup84.io,https://www.linkedin.com/company/startup84
TechStack Startup #85,https://startup85.io,AI & Machine Learning,Python / FastAPI / PostgreSQL,20-100,100% Remote Global,https://startup85.io/careers,Founder / Talent Lead,careers@startup85.io,https://www.linkedin.com/company/startup85
TechStack Startup #86,https://startup86.io,Cybersecurity,Go / Kubernetes / React,20-100,100% Remote Global,https://startup86.io/careers,Founder / Talent Lead,careers@startup86.io,https://www.linkedin.com/company/startup86
TechStack Startup #87,https://startup87.io,Fintech SaaS,Ruby on Rails / React,20-100,100% Remote Global,https://startup87.io/careers,Founder / Talent Lead,careers@startup87.io,https://www.linkedin.com/company/startup87
TechStack Startup #88,https://startup88.io,Developer Tooling,Next.js / Node / Tailwind,20-100,100% Remote Global,https://startup88.io/careers,Founder / Talent Lead,careers@startup88.io,https://www.linkedin.com/company/startup88
TechStack Startup #89,https://startup89.io,E-Commerce Infrastructure,Python / FastAPI / PostgreSQL,20-100,100% Remote Global,https://startup89.io/careers,Founder / Talent Lead,careers@startup89.io,https://www.linkedin.com/company/startup89
TechStack Startup #90,https://startup90.io,AI & Machine Learning,Go / Kubernetes / React,20-100,100% Remote Global,https://startup90.io/careers,Founder / Talent Lead,careers@startup90.io,https://www.linkedin.com/company/startup90
TechStack Startup #91,https://startup91.io,Cybersecurity,Ruby on Rails / React,20-100,100% Remote Global,https://startup91.io/careers,Founder / Talent Lead,careers@startup91.io,https://www.linkedin.com/company/startup91
TechStack Startup #92,https://startup92.io,Fintech SaaS,Next.js / Node / Tailwind,20-100,100% Remote Global,https://startup92.io/careers,Founder / Talent Lead,careers@startup92.io,https://www.linkedin.com/company/startup92
TechStack Startup #93,https://startup93.io,Developer Tooling,Python / FastAPI / PostgreSQL,20-100,100% Remote Global,https://startup93.io/careers,Founder / Talent Lead,careers@startup93.io,https://www.linkedin.com/company/startup93
TechStack Startup #94,https://startup94.io,E-Commerce Infrastructure,Go / Kubernetes / React,20-100,100% Remote Global,https://startup94.io/careers,Founder / Talent Lead,careers@startup94.io,https://www.linkedin.com/company/startup94
TechStack Startup #95,https://startup95.io,AI & Machine Learning,Ruby on Rails / React,20-100,100% Remote Global,https://startup95.io/careers,Founder / Talent Lead,careers@startup95.io,https://www.linkedin.com/company/startup95
TechStack Startup #96,https://startup96.io,Cybersecurity,Next.js / Node / Tailwind,20-100,100% Remote Global,https://startup96.io/careers,Founder / Talent Lead,careers@startup96.io,https://www.linkedin.com/company/startup96
TechStack Startup #97,https://startup97.io,Fintech SaaS,Python / FastAPI / PostgreSQL,20-100,100% Remote Global,https://startup97.io/careers,Founder / Talent Lead,careers@startup97.io,https://www.linkedin.com/company/startup97
TechStack Startup #98,https://startup98.io,Developer Tooling,Go / Kubernetes / React,20-100,100% Remote Global,https://startup98.io/careers,Founder / Talent Lead,careers@startup98.io,https://www.linkedin.com/company/startup98
TechStack Startup #99,https://startup99.io,E-Commerce Infrastructure,Ruby on Rails / React,20-100,100% Remote Global,https://startup99.io/careers,Founder / Talent Lead,careers@startup99.io,https://www.linkedin.com/company/startup99
TechStack Startup #100,https://startup100.io,AI & Machine Learning,Next.js / Node / Tailwind,20-100,100% Remote Global,https://startup100.io/careers,Founder / Talent Lead,careers@startup100.io,https://www.linkedin.com/company/startup100
